"Date","Price","Open","High","Low","Vol.","Change %"
"Oct 18, 2018","52.30","54.38","54.38","52.00","25.76K","-4.39%"
"Oct 19, 2018","51.60","52.90","53.95","51.50","22.94K","-1.34%"
"Oct 22, 2018","53.17","52.20","53.92","51.27","20.48K","3.04%"
"Oct 23, 2018","54.52","53.75","55.40","53.38","20.80K","2.54%"
"Oct 24, 2018","57.52","55.10","57.52","55.10","22.60K","5.50%"
"Oct 25, 2018","56.77","57.92","58.45","56.35","29.84K","-1.30%"
"Oct 26, 2018","57.92","56.92","58.08","56.77","18.60K","2.03%"
"Oct 29, 2018","58.85","58.50","59.45","58.20","24.46K","1.61%"
"Oct 30, 2018","59.00","59.52","59.88","58.70","25.11K","0.25%"
"Oct 31, 2018","58.45","59.70","60.20","58.20","25.70K","-0.93%"
"Nov 01, 2018","58.20","57.83","59.08","56.75","25.97K","-0.43%"
"Nov 02, 2018","58.12","57.77","58.60","57.25","19.16K","-0.14%"
"Nov 05, 2018","57.10","57.95","59.12","56.70","22.75K","-1.75%"
"Nov 06, 2018","54.10","56.52","56.83","54.10","27.67K","-5.25%"
"Nov 07, 2018","55.52","54.40","55.75","54.00","36.72K","2.62%"
"Nov 08, 2018","55.62","55.15","55.75","54.38","35.64K","0.18%"
"Nov 09, 2018","55.80","54.80","56.10","54.23","36.56K","0.32%"
"Nov 12, 2018","56.55","55.70","57.90","55.23","32.46K","1.34%"
"Nov 13, 2018","57.30","56.35","57.40","55.60","26.81K","1.33%"
"Nov 14, 2018","57.00","56.75","58.20","56.75","21.01K","-0.52%"
"Nov 15, 2018","57.08","57.17","57.88","56.77","16.45K","0.14%"
"Nov 16, 2018","60.08","57.48","60.08","57.42","24.32K","5.26%"
"Nov 19, 2018","61.02","60.25","61.42","59.62","23.07K","1.56%"
"Nov 20, 2018","58.98","60.83","61.02","58.80","18.35K","-3.34%"
"Nov 21, 2018","58.27","58.52","58.90","58.10","8.32K","-1.20%"
"Nov 23, 2018","59.08","58.80","59.75","58.40","5.77K","1.39%"
"Nov 26, 2018","57.40","59.48","59.48","57.15","7.45K","-2.84%"
"Nov 27, 2018","57.88","57.73","58.35","56.70","8.27K","0.84%"
"Nov 28, 2018","57.95","57.80","58.40","57.30","6.02K","0.12%"
"Nov 29, 2018","58.73","58.25","59.25","58.15","9.80K","1.35%"
"Nov 30, 2018","57.88","58.70","58.80","57.77","9.65K","-1.45%"
"Dec 03, 2018","58.02","58.65","58.88","57.12","7.13K","0.24%"
"Dec 04, 2018","56.88","57.85","57.90","56.70","7.12K","-1.96%"
"Dec 05, 2018","55.85","56.60","56.60","55.80","8.37K","-1.81%"
"Dec 06, 2018","54.52","55.62","55.62","54.50","8.77K","-2.38%"
"Dec 07, 2018","54.25","54.92","55.20","54.12","8.65K","-0.50%"
"Dec 10, 2018","54.73","54.35","55.10","54.35","4.76K","0.88%"
"Dec 11, 2018","54.45","55.00","55.00","54.27","3.28K","-0.51%"
"Dec 12, 2018","54.73","54.70","54.80","54.38","2.02K","0.51%"
"Dec 13, 2018","54.80","54.83","54.88","54.50","1.94K","0.13%"
"Dec 14, 2018","64.50","65.28","66.80","64.45","18.31K","17.70%"
"Dec 17, 2018","63.83","64.33","64.40","63.02","17.37K","-1.04%"
"Dec 18, 2018","62.65","63.65","63.70","62.12","18.19K","-1.85%"
"Dec 19, 2018","62.70","62.73","63.52","62.20","12.80K","0.08%"
"Dec 20, 2018","62.38","62.50","63.42","61.80","15.89K","-0.51%"
"Dec 21, 2018","61.12","63.25","63.25","61.02","19.27K","-2.02%"
"Dec 24, 2018","60.30","61.90","61.90","60.23","14.99K","-1.34%"
"Dec 26, 2018","60.38","60.90","61.33","60.25","12.98K","0.13%"
"Dec 27, 2018","60.58","61.17","61.20","60.20","14.74K","0.33%"
"Dec 28, 2018","60.65","60.95","61.20","60.55","12.68K","0.12%"
"Dec 31, 2018","60.98","60.85","61.48","60.80","15.86K","0.54%"
"Jan 02, 2019","61.70","61.38","63.42","61.25","25.54K","1.18%"
"Jan 03, 2019","62.15","62.10","62.73","61.95","15.37K","0.73%"
"Jan 04, 2019","61.95","62.77","62.95","61.40","16.60K","-0.32%"
"Jan 07, 2019","61.90","61.95","62.15","61.25","14.09K","-0.08%"
"Jan 08, 2019","62.60","62.60","63.15","62.08","32.49K","1.13%"
"Jan 09, 2019","63.77","62.40","64.10","62.38","31.40K","1.87%"
"Jan 10, 2019","64.08","63.58","64.22","63.10","36.16K","0.49%"
"Jan 11, 2019","62.65","63.38","63.70","62.42","30.03K","-2.23%"
"Jan 14, 2019","61.85","62.65","62.73","61.40","24.99K","-1.28%"
"Jan 15, 2019","62.15","62.25","63.60","61.48","22.05K","0.49%"
"Jan 16, 2019","60.05","61.45","61.67","59.50","22.14K","-3.38%"
"Jan 17, 2019","60.85","60.08","61.20","59.12","16.57K","1.33%"
"Jan 18, 2019","61.23","61.17","62.17","61.10","15.08K","0.62%"
"Jan 22, 2019","61.48","61.73","62.02","60.85","7.87K","0.41%"
"Jan 23, 2019","60.77","61.15","61.45","60.30","10.85K","-1.15%"
"Jan 24, 2019","59.83","60.75","60.85","59.80","6.64K","-1.55%"
"Jan 25, 2019","58.38","59.38","59.40","58.05","8.51K","-2.42%"
"Jan 28, 2019","57.98","58.52","58.52","57.80","5.28K","-0.69%"
"Jan 29, 2019","57.33","57.65","57.77","57.10","8.03K","-1.12%"
"Jan 30, 2019","57.45","57.45","57.80","57.33","4.96K","0.21%"
"Jan 31, 2019","56.25","57.33","57.75","56.15","6.48K","-2.09%"
"Feb 01, 2019","56.35","56.40","56.67","56.05","3.36K","0.18%"
"Feb 04, 2019","57.38","56.40","57.70","56.15","5.32K","1.83%"
"Feb 05, 2019","56.42","57.45","57.45","56.38","4.42K","-1.67%"
"Feb 06, 2019","55.92","56.30","56.48","55.88","4.98K","-0.89%"
"Feb 07, 2019","55.27","56.02","56.02","55.20","4.37K","-1.16%"
"Feb 08, 2019","55.05","55.30","55.55","55.00","3.41K","-0.40%"
"Feb 11, 2019","55.17","55.00","55.38","54.90","2.09K","0.22%"
"Feb 12, 2019","55.17","55.27","55.38","55.10","2.89K","0.00%"
"Feb 13, 2019","55.15","55.08","55.20","55.00","1.28K","-0.04%"
"Feb 14, 2019","58.70","59.25","59.73","58.50","20.33K","6.44%"
"Feb 15, 2019","59.52","58.70","60.27","58.12","14.48K","1.40%"
"Feb 19, 2019","56.52","58.88","58.92","56.52","16.37K","-5.04%"
"Feb 20, 2019","52.98","56.27","56.40","52.25","35.56K","-6.26%"
"Feb 21, 2019","55.95","54.40","55.98","53.73","26.13K","5.61%"
"Feb 22, 2019","55.45","55.60","56.60","55.23","20.39K","-0.89%"
"Feb 25, 2019","53.90","54.85","54.90","52.75","26.86K","-2.80%"
"Feb 26, 2019","55.73","54.92","56.48","54.30","24.65K","3.40%"
"Feb 27, 2019","55.60","54.65","56.88","54.23","20.50K","-0.23%"
"Feb 28, 2019","55.88","55.45","56.62","55.20","15.31K","0.50%"
"Mar 01, 2019","56.40","55.70","57.58","55.67","23.37K","0.93%"
"Mar 04, 2019","57.33","57.38","57.80","56.83","21.65K","1.65%"
"Mar 05, 2019","57.90","57.73","58.60","57.40","17.11K","0.99%"
"Mar 06, 2019","57.08","57.67","57.73","56.60","17.42K","-1.42%"
"Mar 07, 2019","57.73","57.92","58.15","57.15","32.05K","1.14%"
"Mar 08, 2019","60.55","57.98","60.73","57.85","39.66K","4.88%"
"Mar 11, 2019","62.85","60.75","63.50","60.15","49.44K","3.80%"
"Mar 12, 2019","63.65","63.00","63.85","62.02","33.30K","1.27%"
"Mar 13, 2019","63.48","64.10","66.08","63.15","41.44K","-0.27%"
"Mar 14, 2019","65.80","63.50","65.88","63.38","20.62K","3.65%"
"Mar 15, 2019","68.80","65.80","68.80","65.42","21.35K","4.56%"
"Mar 18, 2019","71.03","69.62","71.17","67.53","20.68K","3.24%"
"Mar 19, 2019","70.83","71.25","71.83","69.90","12.96K","-0.28%"
"Mar 20, 2019","73.83","71.25","73.83","70.55","10.79K","4.24%"
"Mar 21, 2019","78.33","74.00","78.33","74.00","16.90K","6.10%"
"Mar 22, 2019","78.33","79.10","80.30","75.88","15.80K","0.00%"
"Mar 25, 2019","78.65","79.85","80.00","78.00","6.37K","0.41%"
"Mar 26, 2019","79.72","79.25","79.95","78.75","8.79K","1.36%"
"Mar 27, 2019","81.33","79.80","81.75","78.78","9.63K","2.02%"
"Mar 28, 2019","78.88","81.08","81.15","78.67","9.27K","-3.01%"
"Mar 29, 2019","77.38","78.72","80.58","76.78","8.93K","-1.90%"
"Apr 01, 2019","77.40","76.42","78.08","76.30","6.40K","0.03%"
"Apr 02, 2019","78.95","78.20","79.72","78.10","5.02K","2.00%"
"Apr 03, 2019","79.08","79.22","79.72","78.78","5.73K","0.16%"
"Apr 04, 2019","79.58","78.45","79.85","77.83","4.49K","0.63%"
"Apr 05, 2019","79.03","79.90","80.17","78.78","6.54K","-0.69%"
"Apr 08, 2019","78.60","79.03","79.03","78.42","3.34K","-0.54%"
"Apr 09, 2019","78.53","78.53","78.85","78.50","2.68K","-0.09%"
"Apr 10, 2019","78.90","78.75","79.12","78.67","2.93K","0.47%"
"Apr 11, 2019","79.22","79.33","79.35","79.12","2.14K","0.41%"
"Apr 12, 2019","89.60","87.20","89.80","85.83","0.67K","13.10%"
"Apr 15, 2019","90.08","90.12","90.60","88.75","0.40K","0.54%"
"Apr 16, 2019","88.97","90.50","91.22","88.45","0.68K","-1.23%"
"Apr 17, 2019","88.92","89.40","89.70","87.60","0.67K","-0.06%"
"Apr 18, 2019","90.20","88.75","90.35","87.70","0.55K","1.44%"
"Apr 19, 2019","96.75","96.75","96.75","96.75","-","7.26%"
"Apr 22, 2019","89.03","90.90","91.00","88.72","0.64K","-7.98%"
"Apr 23, 2019","87.83","89.00","89.80","87.67","0.59K","-1.35%"
"Apr 24, 2019","89.17","87.90","89.20","87.38","0.55K","1.53%"
"Apr 25, 2019","87.85","88.25","88.58","87.40","0.63K","-1.48%"
"Apr 26, 2019","87.00","87.70","88.85","86.83","0.36K","-0.97%"
"Apr 29, 2019","84.78","86.50","86.80","84.50","0.82K","-2.55%"
"Apr 30, 2019","84.30","84.70","85.12","83.92","0.53K","-0.57%"
"May 01, 2019","87.10","84.47","87.30","84.25","0.76K","3.32%"
"May 02, 2019","86.10","87.00","87.20","85.75","0.55K","-1.15%"
"May 03, 2019","85.35","85.53","86.00","85.30","0.28K","-0.87%"
"May 06, 2019","82.38","84.42","84.42","82.35","0.89K","-3.48%"
"May 07, 2019","83.05","82.25","83.50","81.70","0.56K","0.81%"
"May 08, 2019","83.58","82.92","83.72","82.70","0.21K","0.64%"
"May 09, 2019","83.75","83.12","83.78","82.85","0.34K","0.20%"
"May 10, 2019","83.75","83.85","83.85","83.62","0.23K","0.00%"
"May 13, 2019","83.55","83.53","83.78","83.45","0.35K","-0.24%"
"May 14, 2019","89.12","87.95","90.17","87.22","25.93K","6.67%"
"May 15, 2019","91.83","89.53","92.00","89.45","20.76K","3.04%"
"May 16, 2019","92.22","90.70","92.83","89.45","14.27K","0.42%"
"May 17, 2019","92.38","91.75","92.83","89.65","19.94K","0.17%"
"May 20, 2019","91.75","92.10","93.03","90.83","14.51K","-0.68%"
"May 21, 2019","90.10","91.55","91.67","89.92","8.55K","-1.80%"
"May 22, 2019","89.65","89.70","90.67","89.25","6.16K","-0.50%"
"May 23, 2019","89.42","89.60","89.78","88.08","7.74K","-0.26%"
"May 24, 2019","86.42","88.53","89.28","86.42","9.73K","-3.35%"
"May 28, 2019","83.97","85.80","86.38","82.70","11.24K","-2.83%"
"May 29, 2019","85.20","83.65","85.38","82.95","8.99K","1.46%"
"May 30, 2019","83.67","84.38","85.38","82.95","10.34K","-1.80%"
"May 31, 2019","81.72","83.62","84.47","81.40","7.72K","-2.33%"
"Jun 03, 2019","81.58","81.97","82.62","81.30","6.56K","-0.17%"
"Jun 04, 2019","81.12","81.78","82.03","80.85","4.62K","-0.56%"
"Jun 05, 2019","79.85","80.62","81.05","79.53","6.66K","-1.57%"
"Jun 06, 2019","79.38","79.92","81.05","79.15","5.52K","-0.59%"
"Jun 07, 2019","78.65","79.20","80.40","78.28","4.88K","-0.92%"
"Jun 10, 2019","79.28","78.67","79.50","78.65","3.65K","0.80%"
"Jun 11, 2019","79.08","78.90","79.28","78.85","3.75K","-0.25%"
"Jun 12, 2019","79.03","79.10","79.25","78.85","2.78K","-0.06%"
"Jun 13, 2019","79.22","79.15","79.35","79.03","1.74K","0.24%"
"Jun 14, 2019","81.35","83.60","84.47","80.60","20.52K","2.69%"
"Jun 17, 2019","83.05","81.05","83.28","80.53","14.61K","2.09%"
"Jun 18, 2019","81.47","83.05","83.30","81.33","15.44K","-1.90%"
"Jun 19, 2019","81.62","81.05","82.08","80.92","13.05K","0.18%"
"Jun 20, 2019","79.25","81.10","81.50","79.12","10.95K","-2.90%"
"Jun 21, 2019","76.25","79.00","79.15","76.25","12.22K","-3.79%"
"Jun 24, 2019","72.85","75.65","76.25","72.60","10.84K","-4.46%"
"Jun 25, 2019","74.40","73.50","74.90","73.10","7.39K","2.13%"
"Jun 26, 2019","73.55","73.25","74.30","72.50","6.31K","-1.14%"
"Jun 27, 2019","73.83","73.45","74.30","73.08","5.73K","0.38%"
"Jun 28, 2019","72.10","73.17","73.50","72.00","6.60K","-2.34%"
"Jul 01, 2019","72.58","72.83","72.95","72.00","5.19K","0.67%"
"Jul 02, 2019","73.72","72.78","74.35","72.70","6.33K","1.57%"
"Jul 03, 2019","73.55","73.50","74.25","73.20","4.54K","-0.23%"
"Jul 05, 2019","72.12","73.40","73.42","71.78","5.12K","-1.94%"
"Jul 08, 2019","70.08","72.12","72.25","69.92","6.56K","-2.83%"
"Jul 09, 2019","71.38","70.22","72.85","69.88","5.62K","1.86%"
"Jul 10, 2019","71.75","71.50","72.03","71.17","4.28K","0.52%"
"Jul 11, 2019","71.60","71.47","71.75","71.15","3.08K","-0.21%"
"Jul 12, 2019","71.05","71.60","71.92","71.00","3.23K","-0.77%"
"Jul 15, 2019","80.10","80.60","81.75","79.62","24.78K","12.74%"
"Jul 16, 2019","79.05","80.60","80.92","78.75","29.01K","-1.31%"
"Jul 17, 2019","82.00","79.95","82.05","79.62","23.46K","3.73%"
"Jul 18, 2019","82.78","82.53","82.95","80.60","28.09K","0.95%"
"Jul 19, 2019","83.88","82.75","84.55","82.00","17.70K","1.33%"
"Jul 22, 2019","83.22","84.30","84.40","82.30","10.86K","-0.79%"
"Jul 23, 2019","86.17","84.20","86.22","84.08","14.54K","3.54%"
"Jul 24, 2019","86.55","86.22","86.85","85.70","8.62K","0.44%"
"Jul 25, 2019","85.95","87.22","87.50","85.55","12.05K","-0.69%"
"Jul 26, 2019","86.42","86.33","86.90","85.92","6.01K","0.55%"
"Jul 29, 2019","84.42","85.72","86.05","84.35","10.71K","-2.31%"
"Jul 30, 2019","82.30","84.80","84.80","82.10","11.25K","-2.51%"
"Jul 31, 2019","79.33","82.83","82.95","79.30","12.01K","-3.61%"
"Aug 01, 2019","76.80","79.33","80.30","76.50","11.32K","-3.19%"
"Aug 02, 2019","76.28","77.47","78.22","76.17","6.99K","-0.68%"
"Aug 05, 2019","77.85","75.00","78.30","74.30","8.87K","2.06%"
"Aug 06, 2019","77.12","78.30","78.95","77.03","5.97K","-0.94%"
"Aug 07, 2019","77.72","77.55","77.95","77.12","4.87K","0.78%"
"Aug 08, 2019","77.35","77.30","77.97","77.15","4.50K","-0.48%"
"Aug 09, 2019","79.03","77.88","79.30","77.70","3.55K","2.17%"
"Aug 12, 2019","79.17","79.20","79.45","79.00","3.14K","0.18%"
"Aug 13, 2019","79.00","79.10","79.33","78.70","2.05K","-0.21%"
"Aug 14, 2019","66.78","64.85","67.28","64.60","18.70K","-15.47%"
"Aug 15, 2019","65.00","67.50","68.55","64.53","19.97K","-2.67%"
"Aug 16, 2019","62.00","65.30","66.53","62.00","18.12K","-4.62%"
"Aug 19, 2019","64.03","62.33","64.47","62.15","18.37K","3.27%"
"Aug 20, 2019","64.97","64.20","65.83","63.38","19.10K","1.47%"
"Aug 21, 2019","63.30","64.92","65.70","63.08","15.69K","-2.57%"
"Aug 22, 2019","62.30","63.00","63.33","62.08","13.73K","-1.58%"
"Aug 23, 2019","59.30","61.58","61.60","59.30","23.20K","-4.82%"
"Aug 26, 2019","63.80","60.88","63.80","60.88","25.77K","7.59%"
"Aug 27, 2019","63.23","64.25","64.40","62.40","20.41K","-0.89%"
"Aug 28, 2019","63.50","61.30","63.60","60.88","20.90K","0.43%"
"Aug 29, 2019","64.90","63.70","65.15","63.48","21.92K","2.20%"
"Aug 30, 2019","63.52","64.55","64.75","63.33","19.24K","-2.13%"
"Sep 03, 2019","66.53","64.00","66.53","64.00","26.80K","4.74%"
"Sep 04, 2019","67.12","67.12","67.40","65.78","29.07K","0.89%"
"Sep 05, 2019","66.30","66.88","68.00","65.92","24.60K","-1.22%"
"Sep 06, 2019","63.50","65.50","65.75","63.30","32.35K","-4.22%"
"Sep 09, 2019","62.60","63.00","65.12","62.27","35.79K","-1.42%"
"Sep 10, 2019","62.73","61.60","64.40","59.90","46.12K","0.21%"
"Sep 11, 2019","60.17","61.30","61.92","59.77","40.77K","-4.08%"
"Sep 12, 2019","63.17","63.17","63.17","62.20","17.29K","4.99%"
"Sep 13, 2019","66.47","64.72","66.85","63.88","38.82K","5.22%"
"Sep 16, 2019","63.62","66.03","66.03","63.17","39.41K","-4.29%"
"Sep 17, 2019","62.10","64.10","64.65","61.50","21.29K","-2.39%"
"Sep 18, 2019","62.92","62.10","63.62","62.00","11.39K","1.32%"
"Sep 19, 2019","61.40","61.70","63.00","61.23","13.24K","-2.42%"
"Sep 20, 2019","60.35","61.35","62.48","60.10","9.71K","-1.71%"
"Sep 23, 2019","60.95","60.92","62.25","60.50","8.02K","0.99%"
"Sep 24, 2019","62.00","61.50","62.23","61.12","7.73K","1.72%"
"Sep 25, 2019","64.58","62.92","65.00","62.45","15.22K","4.16%"
"Sep 26, 2019","64.22","64.50","65.08","63.83","6.09K","-0.56%"
"Sep 27, 2019","65.28","64.33","65.45","63.92","7.87K","1.65%"
"Sep 30, 2019","65.45","64.50","65.83","63.58","7.63K","0.26%"
"Oct 01, 2019","62.55","64.70","65.00","62.48","7.89K","-4.43%"
"Oct 02, 2019","62.20","62.98","63.30","61.85","6.36K","-0.56%"
"Oct 03, 2019","62.42","62.25","63.00","62.08","5.50K","0.35%"
"Oct 04, 2019","62.40","62.27","62.60","61.77","4.02K","-0.03%"
"Oct 07, 2019","60.50","61.92","61.95","60.45","6.77K","-3.04%"
"Oct 08, 2019","61.70","60.60","62.12","60.58","4.54K","1.98%"
"Oct 09, 2019","62.80","62.50","62.95","62.02","4.08K","1.78%"
"Oct 10, 2019","62.40","62.75","62.95","62.33","2.89K","-0.64%"
"Oct 11, 2019","62.92","62.80","63.05","62.50","3.83K","0.83%"
"Oct 14, 2019","69.12","70.55","70.92","68.38","17.27K","9.85%"
"Oct 15, 2019","72.12","69.12","72.12","69.12","26.15K","4.34%"
"Oct 16, 2019","70.62","71.53","72.08","69.65","24.36K","-2.08%"
"Oct 17, 2019","68.15","70.08","70.40","67.72","23.42K","-3.50%"
"Oct 18, 2019","67.95","70.00","70.00","66.12","28.89K","-0.29%"
"Oct 21, 2019","67.83","67.50","69.10","67.20","14.52K","-0.18%"
"Oct 22, 2019","65.50","68.40","69.25","65.20","26.47K","-3.44%"
"Oct 23, 2019","65.83","64.75","66.97","64.15","26.24K","0.50%"
"Oct 24, 2019","64.55","65.25","66.20","63.85","21.47K","-1.94%"
"Oct 25, 2019","64.92","64.47","66.17","63.73","23.70K","0.57%"
"Oct 28, 2019","65.65","64.67","66.00","64.12","16.09K","1.12%"
"Oct 29, 2019","64.33","65.25","65.25","63.45","19.24K","-2.01%"
"Oct 30, 2019","65.78","63.70","66.47","63.50","23.44K","2.25%"
"Oct 31, 2019","66.00","64.78","66.12","63.88","22.07K","0.33%"
"Nov 01, 2019","64.45","65.67","65.70","63.67","24.65K","-2.35%"
"Nov 04, 2019","64.53","63.77","65.30","63.38","20.06K","0.12%"
"Nov 05, 2019","67.28","64.65","67.53","64.60","28.71K","4.26%"
"Nov 06, 2019","64.78","67.38","67.65","64.45","30.41K","-3.72%"
"Nov 07, 2019","64.30","65.60","65.90","64.08","37.63K","-0.74%"
"Nov 08, 2019","64.12","64.20","64.90","63.75","30.71K","-0.28%"
"Nov 11, 2019","63.30","64.00","64.70","62.92","32.65K","-1.28%"
"Nov 12, 2019","64.72","63.75","65.67","63.75","29.80K","2.24%"
"Nov 13, 2019","63.12","65.00","65.97","62.95","32.43K","-2.47%"
"Nov 14, 2019","62.75","63.12","64.08","62.67","18.26K","-0.59%"
"Nov 15, 2019","63.20","63.02","63.30","62.48","16.70K","0.72%"
"Nov 18, 2019","62.75","63.00","63.62","62.42","14.68K","-0.71%"
"Nov 19, 2019","62.15","62.85","62.92","61.92","14.08K","-0.96%"
"Nov 20, 2019","60.45","62.00","62.15","60.05","13.58K","-2.74%"
"Nov 21, 2019","60.65","61.15","61.70","60.17","9.85K","0.33%"
"Nov 22, 2019","61.23","60.80","61.58","60.50","7.83K","0.96%"
"Nov 25, 2019","61.02","61.30","61.65","60.73","6.71K","-0.34%"
"Nov 26, 2019","60.83","61.20","61.23","60.60","6.32K","-0.31%"
"Nov 27, 2019","60.67","60.75","61.52","60.50","6.96K","-0.26%"
"Nov 29, 2019","62.02","60.75","62.40","60.15","9.71K","2.23%"
"Dec 02, 2019","60.35","61.73","62.35","60.17","7.36K","-2.69%"
"Dec 03, 2019","62.50","60.58","62.58","60.30","8.85K","3.56%"
"Dec 04, 2019","61.88","62.25","62.75","61.75","7.47K","-0.99%"
"Dec 05, 2019","61.58","61.88","61.95","61.17","7.05K","-0.48%"
"Dec 06, 2019","61.12","62.20","62.52","61.05","6.41K","-0.75%"
"Dec 09, 2019","60.00","60.80","60.90","59.90","6.23K","-1.83%"
"Dec 10, 2019","60.48","60.17","60.75","59.92","5.20K","0.80%"
"Dec 11, 2019","60.70","60.60","60.90","60.42","4.28K","0.36%"
"Dec 12, 2019","61.00","60.70","61.05","60.50","4.02K","0.49%"
"Dec 13, 2019","60.48","60.75","60.83","60.27","-","-0.85%"
"Dec 16, 2019","70.50","69.53","70.90","69.08","22.36K","16.57%"
"Dec 17, 2019","69.85","70.20","71.00","69.40","22.57K","-0.92%"
"Dec 18, 2019","69.90","69.67","70.40","69.33","16.05K","0.07%"
"Dec 19, 2019","70.97","69.90","71.00","69.53","18.53K","1.53%"
"Dec 20, 2019","70.67","70.85","71.22","70.30","15.25K","-0.42%"
"Dec 23, 2019","70.25","70.67","71.30","69.47","17.34K","-0.59%"
"Dec 24, 2019","70.70","70.12","70.92","69.62","8.95K","0.64%"
"Dec 25, 2019","70.80","70.80","70.80","70.80","-","0.14%"
"Dec 26, 2019","70.90","71.05","71.50","70.05","9.91K","0.14%"
"Dec 27, 2019","70.58","70.75","71.03","69.83","12.70K","-0.45%"
"Dec 30, 2019","71.80","71.25","71.90","70.60","18.76K","1.73%"
"Dec 31, 2019","71.42","71.70","71.88","70.83","12.23K","-0.53%"
"Jan 01, 2020","71.25","71.25","71.25","71.25","-","-0.24%"
"Jan 02, 2020","71.55","71.60","72.60","70.78","23.80K","0.42%"
"Jan 03, 2020","68.55","70.60","70.90","68.55","25.40K","-4.19%"
"Jan 06, 2020","68.62","68.95","69.22","67.55","20.02K","0.10%"
"Jan 07, 2020","69.22","68.62","69.35","68.03","23.54K","0.87%"
"Jan 08, 2020","69.03","68.78","70.20","68.60","30.28K","-0.27%"
"Jan 09, 2020","67.03","68.90","69.00","66.47","36.76K","-2.90%"
"Jan 10, 2020","67.25","67.33","68.22","66.88","31.73K","0.33%"
"Jan 13, 2020","65.90","66.97","67.05","65.58","28.89K","-2.01%"
"Jan 14, 2020","67.67","65.67","68.22","65.67","35.08K","2.69%"
"Jan 15, 2020","67.88","67.60","68.05","66.78","17.42K","0.31%"
"Jan 16, 2020","66.88","67.67","68.17","66.33","15.66K","-1.47%"
"Jan 17, 2020","67.67","67.15","67.80","66.50","18.70K","1.18%"
"Jan 21, 2020","67.35","67.58","68.00","66.42","14.52K","-0.47%"
"Jan 22, 2020","67.55","67.62","67.95","66.90","7.57K","0.30%"
"Jan 23, 2020","68.50","67.45","69.00","67.28","11.48K","1.41%"
"Jan 24, 2020","67.22","68.40","68.40","66.75","13.16K","-1.87%"
"Jan 27, 2020","65.95","66.28","66.33","65.22","17.01K","-1.89%"
"Jan 28, 2020","66.22","66.50","67.05","66.15","9.08K","0.41%"
"Jan 29, 2020","64.30","66.50","66.60","64.12","12.12K","-2.90%"
"Jan 30, 2020","61.30","63.25","63.25","61.30","12.11K","-4.67%"
"Jan 31, 2020","57.12","60.50","60.50","56.85","14.64K","-6.82%"
"Feb 03, 2020","56.30","57.88","58.00","54.67","10.20K","-1.44%"
"Feb 04, 2020","56.75","56.83","57.85","56.55","5.77K","0.80%"
"Feb 05, 2020","57.10","57.60","57.98","56.98","6.02K","0.62%"
"Feb 06, 2020","57.70","56.85","58.27","56.77","6.81K","1.05%"
"Feb 07, 2020","57.10","57.70","57.80","57.02","5.24K","-1.04%"
"Feb 10, 2020","56.20","57.00","57.00","55.77","3.16K","-1.58%"
"Feb 11, 2020","56.12","56.17","56.33","55.60","2.94K","-0.14%"
"Feb 12, 2020","55.67","56.00","56.30","55.50","2.51K","-0.80%"
"Feb 13, 2020","56.00","55.73","56.12","55.65","1.80K","0.59%"
"Feb 14, 2020","55.90","55.88","56.00","55.65","1.16K","-0.18%"
"Feb 18, 2020","65.50","64.47","65.85","63.10","22.22K","17.17%"
"Feb 19, 2020","67.58","66.10","68.25","65.78","25.10K","3.18%"
"Feb 20, 2020","66.88","66.90","67.25","66.10","16.76K","-1.04%"
"Feb 21, 2020","67.03","66.50","67.15","66.05","12.02K","0.22%"
"Feb 24, 2020","64.62","65.00","65.35","64.08","20.13K","-3.60%"
"Feb 25, 2020","64.67","65.20","65.88","64.50","17.02K","0.08%"
"Feb 26, 2020","65.15","64.67","65.95","64.22","18.47K","0.74%"
"Feb 27, 2020","62.55","64.53","64.92","62.15","26.61K","-3.99%"
"Feb 28, 2020","62.27","62.12","63.00","61.52","25.83K","-0.45%"
"Mar 02, 2020","62.80","62.55","63.17","62.12","19.14K","0.85%"
"Mar 03, 2020","63.55","63.70","64.83","63.23","24.15K","1.19%"
"Mar 04, 2020","64.30","64.00","64.78","63.30","20.32K","1.18%"
"Mar 05, 2020","65.38","64.12","65.47","63.65","19.02K","1.68%"
"Mar 06, 2020","65.92","65.00","66.38","65.00","28.16K","0.83%"
"Mar 09, 2020","63.00","62.92","65.22","62.92","35.59K","-4.43%"
"Mar 10, 2020","65.00","64.62","66.00","64.50","33.01K","3.17%"
"Mar 11, 2020","63.88","65.55","66.00","63.80","25.78K","-1.72%"
"Mar 12, 2020","60.88","62.48","62.50","60.88","21.34K","-4.70%"
"Mar 13, 2020","56.38","62.83","62.85","56.38","22.41K","-7.39%"
"Mar 16, 2020","53.98","52.30","56.58","52.12","29.75K","-4.26%"
"Mar 17, 2020","58.48","55.50","58.48","55.50","11.71K","8.34%"
"Mar 18, 2020","58.15","59.62","62.80","56.27","29.54K","-0.56%"
"Mar 19, 2020","61.15","60.78","61.15","59.38","-","5.16%"
"Mar 20, 2020","61.58","62.75","63.85","61.45","10.71K","0.70%"
"Mar 23, 2020","64.57","64.00","64.57","63.17","-","4.87%"
"Mar 24, 2020","66.43","66.30","67.70","65.80","-","2.86%"
"Mar 25, 2020","65.85","66.97","67.45","65.15","-","-0.87%"
"Mar 26, 2020","62.90","65.20","65.25","62.85","-","-4.48%"
"Mar 27, 2020","58.45","62.22","62.22","58.40","7.70K","-7.07%"
"Mar 30, 2020","53.95","58.10","58.25","53.95","10.16K","-7.70%"
"Mar 31, 2020","52.20","53.95","54.80","52.10","7.49K","-3.24%"
"Apr 01, 2020","49.20","51.40","51.60","49.20","5.82K","-5.75%"
"Apr 02, 2020","44.70","48.00","48.20","44.70","8.51K","-9.15%"
"Apr 03, 2020","40.22","41.83","42.50","40.20","9.03K","-10.01%"
"Apr 06, 2020","41.13","40.22","42.75","37.50","9.55K","2.24%"
"Apr 07, 2020","44.13","43.33","44.13","42.85","6.10K","7.29%"
"Apr 08, 2020","43.13","44.10","44.30","40.85","6.54K","-2.27%"
"Apr 09, 2020","42.80","42.00","43.00","42.00","2.77K","-0.75%"
"Apr 10, 2020","42.90","42.90","42.90","42.90","-","0.23%"
"Apr 13, 2020","44.90","41.90","45.00","41.90","4.05K","4.66%"
"Apr 14, 2020","45.65","44.78","45.80","44.50","2.77K","1.67%"
"Apr 15, 2020","45.60","45.75","46.05","45.50","1.81K","-0.11%"
"Apr 16, 2020","37.33","39.30","39.78","37.00","0.32K","-18.15%"
"Apr 17, 2020","37.92","38.20","39.50","37.22","0.47K","1.61%"
"Apr 20, 2020","40.60","38.50","41.38","38.42","1.35K","7.05%"
"Apr 21, 2020","44.28","40.60","44.35","40.58","1.08K","9.05%"
"Apr 22, 2020","47.22","44.97","47.63","44.97","1.76K","6.66%"
"Apr 23, 2020","50.97","47.97","50.97","47.97","2.06K","7.94%"
"Apr 24, 2020","52.53","52.13","53.72","51.70","1.29K","3.04%"
"Apr 27, 2020","56.28","54.30","56.28","53.80","1.36K","7.14%"
"Apr 28, 2020","55.05","57.08","59.00","54.00","1.66K","-2.18%"
"Apr 29, 2020","56.28","57.08","57.78","55.85","1.07K","2.23%"
"Apr 30, 2020","59.13","57.42","59.47","57.40","1.01K","5.06%"
"May 01, 2020","62.88","60.92","62.88","60.92","0.66K","6.34%"
"May 04, 2020","67.72","65.88","68.25","65.43","1.27K","7.71%"
"May 05, 2020","66.15","66.50","67.40","65.00","1.30K","-2.33%"
"May 06, 2020","68.10","66.97","68.20","66.50","0.77K","2.95%"
"May 07, 2020","68.80","67.93","68.95","65.55","0.80K","1.03%"
"May 08, 2020","67.30","68.25","68.70","67.20","0.49K","-2.18%"
"May 11, 2020","66.32","67.10","67.75","66.22","1.16K","-1.45%"
"May 12, 2020","68.03","67.57","68.07","67.32","0.46K","2.56%"
"May 13, 2020","68.00","67.50","68.28","67.25","0.71K","-0.04%"
"May 14, 2020","68.68","68.25","68.75","67.90","0.24K","0.99%"
"May 15, 2020","57.88","58.22","59.40","57.75","11.61K","-15.73%"
"May 18, 2020","57.65","58.50","58.80","57.10","9.45K","-0.39%"
"May 19, 2020","56.65","57.60","58.65","56.55","6.19K","-1.73%"
"May 20, 2020","56.88","56.05","57.05","55.75","5.81K","0.40%"
"May 21, 2020","59.35","57.03","59.42","56.95","8.18K","4.35%"
"May 22, 2020","58.78","59.03","59.72","58.55","5.04K","-0.97%"
"May 26, 2020","60.50","59.30","61.30","58.80","6.86K","2.93%"
"May 27, 2020","60.17","60.10","62.00","60.05","6.53K","-0.54%"
"May 28, 2020","56.92","58.67","58.80","56.65","7.60K","-5.40%"
"May 29, 2020","56.85","56.45","56.92","55.92","5.70K","-0.13%"
"Jun 01, 2020","54.60","55.28","55.85","54.45","5.34K","-3.96%"
"Jun 02, 2020","52.40","54.03","54.40","52.08","6.91K","-4.03%"
"Jun 03, 2020","48.65","51.33","51.45","48.65","6.94K","-7.16%"
"Jun 04, 2020","48.42","48.53","48.90","46.45","7.65K","-0.46%"
"Jun 05, 2020","47.45","48.45","48.78","47.28","3.04K","-2.01%"
"Jun 08, 2020","48.58","47.00","48.70","46.85","2.77K","2.37%"
"Jun 09, 2020","48.08","48.08","48.58","47.78","2.17K","-1.03%"
"Jun 10, 2020","47.85","47.88","48.15","47.72","1.59K","-0.47%"
"Jun 11, 2020","47.97","48.03","48.08","47.85","1.65K","0.26%"
"Jun 12, 2020","48.05","47.92","48.22","47.83","0.70K","0.16%"
"Jun 15, 2020","52.28","51.25","53.08","51.25","13.34K","8.79%"
"Jun 16, 2020","49.65","51.78","51.80","48.92","19.31K","-5.02%"
"Jun 17, 2020","49.65","48.50","49.85","48.17","11.48K","0.00%"
"Jun 18, 2020","49.90","49.38","50.28","48.97","8.22K","0.50%"
"Jun 19, 2020","48.45","49.95","50.35","48.33","7.14K","-2.91%"
"Jun 22, 2020","46.83","47.88","48.08","45.75","6.52K","-3.35%"
"Jun 23, 2020","46.90","46.83","47.47","46.28","6.96K","0.16%"
"Jun 24, 2020","45.92","46.33","46.72","45.85","4.90K","-2.08%"
"Jun 25, 2020","46.92","46.03","47.15","46.03","4.40K","2.18%"
"Jun 26, 2020","45.28","45.28","45.75","44.97","6.62K","-3.52%"
"Jun 29, 2020","45.38","45.28","45.60","45.08","2.45K","0.22%"
"Jun 30, 2020","45.17","45.28","45.63","45.08","3.29K","-0.44%"
"Jul 01, 2020","44.80","44.75","45.35","44.50","3.37K","-0.83%"
"Jul 02, 2020","44.72","45.08","45.35","44.63","2.12K","-0.17%"
"Jul 06, 2020","44.95","45.00","45.45","44.65","4.36K","0.50%"
"Jul 07, 2020","44.53","44.67","44.95","44.53","4.23K","-0.95%"
"Jul 08, 2020","44.05","44.35","44.55","43.58","9.28K","-1.07%"
"Jul 09, 2020","45.85","44.60","46.20","44.60","5.32K","4.09%"
"Jul 10, 2020","45.97","46.00","46.50","45.83","3.44K","0.27%"
"Jul 13, 2020","46.67","46.08","46.97","45.95","3.77K","1.52%"
"Jul 14, 2020","46.80","46.58","46.95","46.55","1.73K","0.27%"
"Jul 15, 2020","47.33","46.92","47.53","46.85","1.46K","1.12%"
"Jul 16, 2020","53.65","50.55","53.80","50.50","29.74K","13.37%"
"Jul 17, 2020","52.80","53.20","53.63","52.33","14.42K","-1.58%"
"Jul 20, 2020","50.40","52.83","53.28","50.20","16.45K","-4.55%"
"Jul 21, 2020","51.47","50.53","51.65","50.50","10.55K","2.13%"
"Jul 22, 2020","52.65","52.75","53.05","52.00","10.47K","2.28%"
"Jul 23, 2020","54.47","53.10","54.95","52.92","11.71K","3.47%"
"Jul 24, 2020","54.00","54.03","54.20","52.78","8.67K","-0.87%"
"Jul 27, 2020","54.55","54.25","54.92","53.67","9.24K","1.02%"
"Jul 28, 2020","54.20","54.75","55.28","54.03","7.63K","-0.64%"
"Jul 29, 2020","53.08","53.80","53.80","52.50","8.87K","-2.08%"
"Jul 30, 2020","51.42","53.05","53.13","51.03","7.97K","-3.11%"
"Jul 31, 2020","52.00","51.25","52.10","51.10","5.69K","1.12%"
"Aug 03, 2020","49.88","51.28","51.50","49.65","8.91K","-4.09%"
"Aug 04, 2020","49.70","49.90","50.47","49.55","6.86K","-0.35%"
"Aug 05, 2020","49.45","49.33","49.70","49.20","8.51K","-0.50%"
"Aug 06, 2020","49.75","49.45","50.00","49.45","3.91K","0.61%"
"Aug 07, 2020","51.00","50.50","51.20","50.50","5.07K","2.51%"
"Aug 10, 2020","53.13","51.85","53.42","51.65","6.28K","4.17%"
"Aug 11, 2020","53.08","53.38","53.67","52.95","3.57K","-0.09%"
"Aug 12, 2020","52.90","52.83","53.08","52.60","3.70K","-0.33%"
"Aug 13, 2020","53.70","53.05","53.83","53.03","1.87K","1.51%"
"Aug 14, 2020","53.83","53.80","53.97","53.70","-","0.23%"
"Aug 17, 2020","53.53","52.83","53.90","52.80","10.56K","-0.56%"
"Aug 18, 2020","51.42","53.45","53.55","51.28","15.60K","-3.92%"
"Aug 19, 2020","52.55","51.65","52.83","51.47","11.34K","2.19%"
"Aug 20, 2020","55.17","53.70","56.13","53.55","27.79K","5.00%"
"Aug 21, 2020","54.25","55.53","55.97","54.08","13.37K","-1.68%"
"Aug 24, 2020","54.60","54.50","55.95","54.25","14.30K","0.65%"
"Aug 25, 2020","55.95","55.47","56.17","55.17","12.95K","2.47%"
"Aug 26, 2020","55.55","55.95","56.70","54.65","15.65K","-0.71%"
"Aug 27, 2020","55.72","55.40","56.13","55.28","11.78K","0.32%"
"Aug 28, 2020","53.65","55.03","55.08","53.22","19.71K","-3.72%"
"Aug 31, 2020","53.60","53.38","54.38","53.17","13.11K","-0.09%"
"Sep 01, 2020","55.03","54.00","55.20","53.80","18.42K","2.66%"
"Sep 02, 2020","56.40","55.25","56.92","54.90","23.44K","2.50%"
"Sep 03, 2020","59.25","57.30","59.40","57.17","33.94K","5.05%"
"Sep 04, 2020","59.83","59.90","60.95","58.88","23.88K","0.97%"
"Sep 08, 2020","59.90","59.38","60.28","58.78","29.29K","0.13%"
"Sep 09, 2020","61.38","60.05","61.72","59.78","30.70K","2.46%"
"Sep 10, 2020","64.38","63.10","64.38","62.88","18.37K","4.89%"
"Sep 11, 2020","66.57","67.47","68.72","66.13","50.63K","3.42%"
"Sep 14, 2020","64.63","68.32","68.53","64.40","30.79K","-2.93%"
"Sep 15, 2020","65.70","65.25","67.00","65.15","21.86K","1.66%"
"Sep 16, 2020","65.22","66.38","66.88","64.15","18.71K","-0.72%"
"Sep 17, 2020","66.53","66.07","67.20","65.60","14.93K","1.99%"
"Sep 18, 2020","66.50","67.28","67.78","65.90","10.56K","-0.04%"
"Sep 21, 2020","65.60","66.10","66.47","65.28","8.18K","-1.35%"
"Sep 22, 2020","68.32","67.60","68.60","67.07","10.66K","4.15%"
"Sep 23, 2020","69.50","68.30","69.55","68.25","8.31K","1.72%"
"Sep 24, 2020","69.47","69.18","69.85","69.03","6.33K","-0.04%"
"Sep 25, 2020","71.75","69.47","72.00","68.90","9.09K","3.27%"
"Sep 28, 2020","72.70","72.28","72.78","72.15","6.21K","1.32%"
"Sep 29, 2020","72.38","73.28","73.45","72.13","7.48K","-0.45%"
"Sep 30, 2020","72.80","72.57","73.05","72.20","5.59K","0.59%"
"Oct 01, 2020","74.15","73.20","74.40","73.03","6.98K","1.85%"
"Oct 02, 2020","74.50","74.70","75.43","74.25","5.10K","0.47%"
"Oct 05, 2020","74.75","74.32","74.90","74.00","4.45K","0.34%"
"Oct 06, 2020","76.32","75.50","76.38","75.47","5.45K","2.11%"
"Oct 07, 2020","76.88","76.45","77.03","76.20","5.50K","0.72%"
"Oct 08, 2020","77.35","77.22","77.57","77.00","3.98K","0.62%"
"Oct 09, 2020","78.13","77.75","78.20","77.55","2.55K","1.00%"
"Oct 12, 2020","78.18","78.22","78.28","78.05","3.07K","0.06%"
"Oct 13, 2020","77.80","77.97","78.05","77.65","2.55K","-0.48%"
"Oct 14, 2020","78.43","78.05","78.43","78.00","1.77K","0.80%"
"Oct 15, 2020","69.88","68.20","69.93","68.03","21.38K","-10.90%"
"Oct 16, 2020","69.80","70.30","70.70","68.82","-","-0.11%"